<?xml version="1.0" encoding="UTF-8"?>
<!DOCTYPE suite SYSTEM "https://testng.org/testng-1.0.dtd">
<suite name="Suite" parallel="tests">
  <test thread-count="5" name="UserRegistration">
    <classes>
      <class name="UserRegistarionTestCases.UserRegistration"/>
    </classes>
  </test> <!-- Test -->
   <test thread-count="5" name="LoginFunctions">
    <classes>
      <class name="LoginTestCases.LoginFunctionality"/>
    </classes>
  </test> <!-- Test -->
</suite> <!-- Suite -->
